<?xml version="1.0" encoding="UTF-8"?>
<beans:beans xmlns="http://www.springframework.org/schema/mvc"
	xmlns:xsi="http://www.w3.org/2001/XMLSchema-instance"
	xmlns:beans="http://www.springframework.org/schema/beans"
	xmlns:context="http://www.springframework.org/schema/context"
	xmlns:tx="http://www.springframework.org/schema/tx"
	xmlns:websocket="http://www.springframework.org/schema/websocket"
	xsi:schemaLocation="http://www.springframework.org/schema/websocket http://www.springframework.org/schema/websocket/spring-websocket-4.3.xsd
		http://www.springframework.org/schema/mvc https://www.springframework.org/schema/mvc/spring-mvc.xsd
		http://www.springframework.org/schema/beans https://www.springframework.org/schema/beans/spring-beans.xsd
		http://www.springframework.org/schema/context https://www.springframework.org/schema/context/spring-context.xsd
		http://www.springframework.org/schema/tx http://www.springframework.org/schema/tx/spring-tx-4.3.xsd">

	<!-- DispatcherServlet Context: defines this servlet's request-processing infrastructure -->
	
	<!-- Enables the Spring MVC @Controller programming model -->
	<annotation-driven />

	<!-- Handles HTTP GET requests for /resources/** by efficiently serving up static resources in the ${webappRoot}/resources directory -->
	<resources mapping="/resources/**" location="/resources/" />

	<!-- Resolves views selected for rendering by @Controllers to .jsp resources in the /WEB-INF/views directory -->
	<beans:bean class="org.springframework.web.servlet.view.InternalResourceViewResolver">
		<beans:property name="prefix" value="/WEB-INF/views/" />
		<beans:property name="suffix" value=".jsp" />
	</beans:bean>
	
	<context:component-scan base-package="com.kh.mbting" />
	
	<!-- 인터셉터 등록 -->
	<interceptors>
		<interceptor>
			<!-- 인터셉터를 거쳐갈 주소를 추가해주세요! -->
			<mapping path=""/>
			
			<beans:bean class="com.kh.mbting.common.interceptor.LoginInterceptor"
						   id="loginInterceptor"></beans:bean>	
		</interceptor>
		<!-- 채팅리스트 조회에 대한 인터셉터 -->
		<interceptor>
			<mapping path="/all.me"/>
			<mapping path="/convert.ch"/>
			<mapping path="/mbtiTest.mb"/>
			<beans:bean class="com.kh.mbting.common.interceptor.ChattingInterceptor"
						   id="chatInterceptor"></beans:bean>	
		</interceptor>
	</interceptors>
	
	<!--  websocket 관련 설정 태그 -->
	<beans:bean class="com.kh.mbting.chatting.server.WebSocketHandler"
				id="chatServer" />

	<!-- 사용자가 어느 주소로 요청할 때 어느 웹소켓서버로 요청을 보내버릴건지 맵핑 -->
	<websocket:handlers>
		<websocket:mapping path="chat.do" handler="chatServer"/>
	</websocket:handlers>
	
	<!-- 
		<websocket:handshake-interceptors>
			<beans:bean class="org.springframework.web.socket.server.support.HttpSessionHandshakeInterceptor"></beans:bean>
		</websocket:handshake-interceptors>
	 -->

	

	
	
</beans:beans>
