<?xml version="1.0" encoding="UTF-8"?>
<!DOCTYPE mapper PUBLIC "-//mybatis.org//DTD Mapper 3.0//EN" "mybatis-3-mapper.dtd" >
<mapper namespace="chatMapper">

    <resultMap type="chatRoom" id="chatRoomResultSet">
        <result property="roomNo" column="ROOM_NO" />
        <result property="userEmail" column="USER_EMAIL" />
        <result property="userName" column="USER_NAME" />        
        <result property="userPic" column="USER_PRO_IMG" />
        <result property="masterEmail" column="MASTER_EMAIL" />
        <result property="masterName" column="MASTER_NAME" />
        <result property="masterPic" column="MASTER_PRO_IMG" />
        <result property="sendTime" column="SENDTIME" />
        <result property="messageContent" column="MESSAGE_CONTENT" />
    </resultMap>
 
    <resultMap type="chatMessage" id="chatMessageResultSet">
        <result property="messageNo" column="MESSAGE_NO" />
        <result property="roomNo" column="ROOM_NO" />
        <result property="messageContent" column="MESSAGE_CONTENT" />
        <result property="name" column="USER_NAME" />
        <result property="email" column="USER_EMAIL" />
        <result property="unReadCount" column="UNREAD_COUNT" />
        <result property="sendTime" column="SENDTIME" />
    </resultMap>
    
    <resultMap id="memberResultSet" type="member">
	 	<result column="USER_NO"  		property="userNo"></result>
	 	<result column="EMAIL"  		property="email"></result>
	 	<result column="USER_PWD"  		property="userPwd"></result>
	 	<result column="PROFILE_IMG" 	property="profileImg"></result>
	 	<result column="USER_NAME"  	property="userName"></result>
	 	<result column="AGE"  			property="age"></result>
	 	<result column="GENDER"  		property="gender"></result>
	 	<result column="PHONE" 		 	property="phone"></result>
	 	<result column="MBTI"  			property="mbti"></result>
	 	<result column="MBTI_NICK"  	property="mbtiNick"></result>
	 	<result column="INTRODUCE"  	property="introduce"></result>
	 	<result column="ENROLL_DATE"  	property="enrollDate"></result>
	 	<result column="MODIFY_DATE"  	property="modifyDate"></result>
	 	<result column="MATCH_STAT"  	property="matchStat"></result>
	 	<result column="MATCH_COIN"  	property="matchCoin"></result>
	 	<result column="STATUS"  		property="status"></result>
	 	<result column="MY_ROOM_NO" 	 	property="myRoomNo"></result>
 	</resultMap>
    

	<insert id="createChat" parameterType="chatRoom">
        insert into CHATROOM values(RNO_SEQ.NEXTVAL,
        						   #{userEmail},
        						   #{userName},
        						   #{userPic},
        						   #{masterEmail},
        						   #{masterName},
        						   #{masterPic}, 
        						   Default)
    </insert>
    
    <select id="searchChatRoom" parameterType="chatRoom" resultMap="chatRoomResultSet">
        SELECT * FROM CHATROOM
        WHERE USER_EMAIL   = #{userEmail} 
          AND MASTER_EMAIL = #{masterEmail}
    </select>
    
    <select id="chatRoomList" parameterType="string" resultMap="chatRoomResultSet">
		SELECT cr.*, cm.sendtime, cm.message_content
		  FROM chatroom cr
			JOIN (
			    SELECT sendtime, message_content, room_no
			    FROM (
			        SELECT  message_content, room_no, sendtime
			            FROM (
			                SELECT sendtime, message_content, room_no,
			                       ROW_NUMBER() OVER (PARTITION BY room_no ORDER BY CAST(message_no AS INT) DESC) as rn
			                FROM chatmessage
			            ) ranked_messages
			         WHERE rn = 1
			      ORDER BY sendtime DESC )
			) cm ON cr.room_no = cm.room_no
			WHERE cr.user_email = #{userEmail} OR cr.master_email = #{userEmail}
    </select>
    
    <select id="chatRoom" parameterType="string" resultMap="chatRoomResultSet">
    	SELECT * FROM CHATROOM 
    	WHERE USER_EMAIL = #{userEmail} AND MASTER_EMAIL = #{masterEmail}
    
    </select>
    
    <select id="selectChatRoom" parameterType="string" resultMap="chatRoomResultSet">
        SELECT * FROM CHATROOM 
        WHERE ROOM_NO = #{roomNo} 
    </select>
    
    <insert id="insertMessage" parameterType="ChatMessage">
        <if test="sessionCount == 1">
        INSERT INTO CHATMESSAGE VALUES(#{roomNo}, CNO_SEQ.NEXTVAL, #{messageContent}, #{name}, #{email}, 1 ,2 , default)
        </if>
        <if test="sessionCount == 2">
        INSERT INTO CHATMESSAGE VALUES(#{roomNo}, CNO_SEQ.NEXTVAL, #{messageContent}, #{name}, #{email}, 0, 2 , default)
        </if>
    </insert>
    
     <select id="messageList" parameterType="string" resultMap="chatMessageResultSet">
         SELECT * FROM CHATMESSAGE
          WHERE ROOM_NO = #{room_no}
 	   ORDER BY CAST(message_no AS INT) ASC
    </select>

    <update id="updateCount" parameterType="ChatMessage">
        UPDATE CHATMESSAGE
        SET UN_READ_MESSAGE = 0
        WHERE ROOM_NO = #{roomNo} AND USER_EMAIL != #{email} AND UN_READ_MESSAGE = 1
    </update>
    
    <select id="masterInfo" parameterType="string" resultMap="memberResultSet">
    	select * 
    	from member 
    	where email = #{email}
    </select>
    
    <select id="allMemberList" resultMap="memberResultSet" parameterType="member">
    	SELECT * 
    	  FROM MEMBER
    	 WHERE STATUS = 'Y'
    	 AND USER_NO != #{userNo}
    </select>
    
    <select id="searchMember" resultMap="memberResultSet" parameterType="searchmember">
    	 SELECT *
    FROM MEMBER
    WHERE STATUS = 'Y'
    <choose>
        <when test="endHeight == 160">
            AND HEIGHT &lt;= #{endHeight} 
        </when>
        <otherwise>
            AND HEIGHT BETWEEN #{startHeight} and #{endHeight}
        </otherwise>
    </choose>
    <choose>
    	<when test="startAge == 50">
    		AND AGE &gt;= #{startAge}
    	</when>
    	<otherwise>
    		 AND AGE BETWEEN #{startAge} and #{endAge}
    	</otherwise>
    </choose>
    <if test='gender != "N"'>
        AND GENDER = #{gender}
    </if>
    AND MBTI = #{mbti}
    AND ADDRESS = #{address}
    </select>
</mapper>
