<?xml version="1.0" encoding="UTF-8"?>
<!DOCTYPE mapper PUBLIC "-//mybatis.org//DTD Mapper 3.0//EN" "mybatis-3-mapper.dtd" >
<mapper namespace="noticeMapper">

	<resultMap id="noticeResultSet" type="notice">
		<result column="NOTICE_NO" property="noticeNo" />
		<result column="NOTICE_TITLE" property="noticeTitle" />
		<result column="NOTICE_NAME" property="noticeName" />
		<result column="MODIFY_DATE" property="modifyDate" />
		<result column="ENROLL_DATE" property="enrollDate" />
		<result column="VIEWS" property="views" />
		<result column="STATUS" property="status" />	
	</resultMap>
	
	<select id="selectListCount" resultType="_int">
		SELECT COUNT(*)
		  FROM NOTICE
		 WHERE STATUS = 'Y'
	</select>
	
	<select id="selectList" resultMap="noticeResultSet">
		SELECT NOTICE_NO
		     , NOTICE_TITLE
		     , NOTICE_NAME
		     , VIEWS
		     , TO_CHAR(ENROLL_DATE, 'YYYY-MM-DD' ) AS ENROLL_DATE
		  FROM NOTICE
		 WHERE STATUS = 'Y'
		 ORDER BY NOTICE_NO DESC 
	</select>
	
	<insert id="insertNotice" parameterType="notice">
		INSERT INTO NOTICE(NOTICE_NO
		                 , NOTICE_TITLE
		                 , NOTICE_NAME)
		           VALUES (NNO_SEQ.NEXTVAL
		                 , #{noticeTitle}
		                 , #{noticeName})
	</insert>
	
	<update id="increaseCount" parameterType="_int">
		UPDATE NOTICE
		   SET VIEWS = VIEWS
		 WHERE NOTICE_NO = #{noticeNo}
		   AND STATUS = 'Y'
	</update>
	
	<select id="selectNotice" parameterType="_int" resultMap="noticeResultSet">
		SELECT NOTICE_NO
		     , NOTICE_TITLE
		     , NOTICE_NAME
		     , TO_CHAR(ENROLL_DATE, 'YYYY-MM-DD HH:mm:ss') AS "ENROLL_DATE"
		  FROM NOTICE
		 WHERE NOTICE_NO = #{noticeNo}
		   AND STATUS = 'Y'
	</select>
	
	<update id="deleteNotice" parameterType="_int">
		UPDATE NOTICE
		   SET STATUS = 'N'
		 WHERE NOTICE_NO = #{noticeNo}
	</update>
	
	<update id="updateNotice" parameterType="notice">
		UPDATE NOTICE
		   SET NOTICE_TITLE = #{noticeTitle}
		     , NOTICE_NAME = #{noticeName}
		 WHERE NOTICE_NO = #{noticeNo}
		   AND STATUS = 'Y'
	</update>
	
	<!--  
	<select id="" parameterType="string">
	 	select notice_no, notice_title, notice_name
	 	  from notice 
	 	 where  notice_title like %#{keyword}%
	 	    or  notice_name  like %#{keyword}%
	</select>
	-->
	
	<!-- 검색된 공지사항 개수 조회 -->
    <select id="searchListCount" parameterType="string" resultType="_int">
        SELECT COUNT(*)
          FROM NOTICE
         WHERE STATUS = 'Y'
           AND (NOTICE_TITLE LIKE '%' || #{keyword} || '%'
               OR NOTICE_NAME LIKE '%' || #{keyword} || '%')
    </select>

    <!-- 검색된 공지사항 리스트 조회 -->
   <select id="searchList" resultMap="noticeResultSet" parameterType="map">
	    SELECT *
	    FROM (
	        SELECT NOTICE_NO
	             , NOTICE_TITLE
	             , NOTICE_NAME
	             , VIEWS
	             , TO_CHAR(ENROLL_DATE, 'YYYY-MM-DD' ) AS ENROLL_DATE
	             , ROWNUM AS rnum
	        FROM NOTICE
	        WHERE STATUS = 'Y'
	        AND (NOTICE_TITLE LIKE '%' || #{keyword} || '%'
	            OR NOTICE_NAME LIKE '%' || #{keyword} || '%')
	        ORDER BY NOTICE_NO DESC
	    )
	    WHERE rnum BETWEEN #{startRow} AND #{endRow}
	</select>

	<update id="updateViews" parameterType="_int">
	    UPDATE NOTICE
	    SET VIEWS = VIEWS + 1
	    WHERE NOTICE_NO = #{noticeNo} AND STATUS = 'Y'
	</update>

</mapper>