<?xml version="1.0" encoding="UTF-8"?>
<beans xmlns="http://www.springframework.org/schema/beans"
	xmlns:xsi="http://www.w3.org/2001/XMLSchema-instance"
	xmlns:tx="http://www.springframework.org/schema/tx"
	xsi:schemaLocation="http://www.springframework.org/schema/beans https://www.springframework.org/schema/beans/spring-beans.xsd
		http://www.springframework.org/schema/tx http://www.springframework.org/schema/tx/spring-tx-4.3.xsd">
	
	<!-- Root Context: defines shared resources visible to all other web components -->
		
	<!-- DB연결을 위한 bean 입니당 -->
	 <bean id="basicDataSource" 
	 	   class="org.apache.commons.dbcp.BasicDataSource" 
	 	   destroy-method="close">

		 <property name="driverClassName" value="oracle.jdbc.driver.OracleDriver"></property>
		 <property name="url" value="jdbc:oracle:thin:@localhost:1521:xe"></property>
		 <property name="username" value="MBTING"></property>
		 <property name="password" value="MBTING"></property>
	 </bean>
	 
	 <!-- SQL 명령어 실행을 위한 빈 등록 -->
	<bean id="sqlSessionFactory"
		  class="org.mybatis.spring.SqlSessionFactoryBean">
 	   
		<property name="configLocation" value="classpath:mybatis-config.xml"></property>
		<property name="dataSource" ref="basicDataSource"/>
	</bean>
	
	<!--SQL 구문을 실행시킬 수 있는 객체 -->
	<bean class="org.mybatis.spring.SqlSessionTemplate" id="sqlSession">
		<constructor-arg ref="sqlSessionFactory"/>
	</bean>
	
	<bean class="org.springframework.jdbc.datasource.DataSourceTransactionManager" 
			id="transactionManager">
		<property name="dataSource" ref="basicDataSource"></property>
	</bean>
	
	<tx:annotation-driven transaction-manager="transactionManager"/>
	
	<bean class="org.springframework.web.multipart.commons.CommonsMultipartResolver"
			id ="multipartResolver">
		<property name="defaultEncoding" value="UTF-8"/>
	 	<property name="maxUploadSize" value="10000000"/>
	</bean>		
		
		
</beans>
